网址,上次抓取日期
https://www.periodhub.health/en/icon?9c1a5eaddb17b0ab,2025-09-11
https://www.periodhub.health/en/articles/period-pain-simulator-accuracy-analysis,2025-09-11
https://www.periodhub.health/zh/scenario-solutions/social,2025-09-11
https://www.periodhub.health/en/scenario-solutions/office,2025-09-11
https://www.periodhub.health/en/medical-disclaimer,2025-07-04
https://www.periodhub.health/en/health-guide,2025-07-04
https://www.periodhub.health/en/articles/when-to-seek-medical-care-comprehensive-guide,2025-07-04
https://www.periodhub.health/en/articles/understanding-your-cycle,2025-07-04
https://www.periodhub.health/en/articles/menstrual-pain-complications-management,2025-07-04
https://www.periodhub.health/en/articles/period-friendly-recipes,2025-07-04
https://www.periodhub.health/downloads/menstrual-cycle-nutrition-plan.pdf,2025-07-03
https://www.periodhub.health/en/articles/comprehensive-medical-guide-to-dysmenorrhea,2025-07-03
https://www.periodhub.health/en/teen-health/development-pain,2025-07-03
https://www.periodhub.health/en/scenario-solutions/social,2025-06-30
https://www.periodhub.health/en/articles/anti-inflammatory-diet-period-pain,2025-06-28